name,domain
Mov-Eng,www.prova.com
COSMO,www.prova.com
SmartDHOME,www.prova.com
Prodigy,www.prova.com
Cosmic,www.prova.com
Hypesound,www.prova.com
Camelot,www.prova.com
YesNology,www.prova.com
Aisidoro,www.prova.com
ATENA,www.prova.com
AURELIO,www.prova.com
BLUE INNOVATION,www.prova.com
CPsec,www.prova.com
EMBER LAPTOPS,www.prova.com
Formile,www.prova.com
LilJob,www.prova.com
Monimeds,www.prova.com
MY BON,www.prova.com
Viridian,www.prova.com
Biomed Pulmonary,www.prova.com
TERRA AI,www.prova.com
Hiop,www.prova.com
Project Hoogo,www.prova.com
Brevetti Monachino,www.prova.com
Damo,www.prova.com
Spesati,www.prova.com
Foreverland,www.prova.com
Bagoff,www.prova.com
Bebiip,www.prova.com
Squp,www.prova.com
Advepa Communication,www.prova.com
OpenMall,www.prova.com
Sobereye,www.prova.com
BILLD ,www.prova.com
ASEPA ENERGY,www.prova.com
Progetto Droni,www.prova.com
Brio Group,www.prova.com
Tutornow ,www.prova.com
BitCorp ,www.prova.com
Inspector,www.prova.com
Reboot,www.prova.com
Osense ,www.prova.com
Mbike,www.prova.com
Novac,www.prova.com
Mine Crime,www.prova.com
SunCubes,www.prova.com
The Big Wave,www.prova.com
Trails,www.prova.com
Widata,www.prova.com
SmartHome,www.prova.com
Project Welfare,www.prova.com
Menumal,www.prova.com
RistoGO,www.prova.com
Omega project,www.prova.com
SkillPRO,www.prova.com
Purilian,www.prova.com
Biotecna ,www.prova.com
Agreenet,www.prova.com
ProtiumFields,www.prova.com
Clean OS,www.prova.com
InnovHealth,www.prova.com
Ipermtch ,www.prova.com
Artiness,www.prova.com
JobTech 2,www.prova.com
DBE,www.prova.com
XSpline ,www.prova.com
RepaiRing,www.prova.com
T-Luxy,www.prova.com
Nort,www.prova.com
Acquistoterreno,www.prova.com
19-01 Holding,www.prova.com
CityZ,www.prova.com
Dropper,www.prova.com
Robosan ,www.prova.com
Resellify,www.prova.com
Pack ,www.prova.com
NGR,www.prova.com
Progetto Podcast,www.prova.com
Allyfe,www.prova.com
RisotBox,www.prova.com
3PW,www.prova.com
Sestre ,www.prova.com
YouHealthy ,www.prova.com
Cooabit,www.prova.com
Takyon,www.prova.com
Logbot ,www.prova.com
Ticketoo,www.prova.com
Homsai ,www.prova.com
AppRover,www.prova.com
Alto Robotics,www.prova.com
Avian.io. ,www.prova.com
Carol,www.prova.com
Ogyre ,www.prova.com
Istituto Audiologico Italiano,www.prova.com
2Hours,www.prova.com
Manta Aircraft,www.prova.com
Enerbrain,www.prova.com
Climate Standard,www.prova.com
Underscore District,www.prova.com
Empethy ,www.prova.com
MatchGuru,www.prova.com
WEABIOS,www.prova.com
Lukfo,www.prova.com
Idra Water,www.prova.com
Column,www.prova.com
Fleder,www.prova.com
Naspesa Delivery,www.prova.com
Deckx,www.prova.com
ARD,www.prova.com
HarvAI,www.prova.com
 Pepper's Ghost,www.prova.com
Piick,www.prova.com
AdPharma,www.prova.com
Madò Pasticceria,www.prova.com
TTC (ex B&B),www.prova.com
Sedda Ecology Green,www.prova.com
Seares,www.prova.com
MYSE,www.prova.com
D_WAVE,www.prova.com
Fees,www.prova.com
Fidejussioni Digitali,www.prova.com
Instantbb,www.prova.com
Data Masters,www.prova.com
FTNet,www.prova.com
Skipper,www.prova.com
Houseplus,www.prova.com
Hotiday ,www.prova.com
UAO,www.prova.com
Hausme,www.prova.com
Creative Harbour,www.prova.com
Profiter,www.prova.com
Italia Rimborso,www.prova.com
Immobiliallasta,www.prova.com
Progetto Healthcare,www.prova.com
Project Connect,www.prova.com
Real Gentelman,www.prova.com
Beautycians,www.prova.com
 iZ Renewable Luxury,www.prova.com
Eneri,www.prova.com
AmicoChef,www.prova.com
Eneri,www.prova.com
Bikee Bike,www.prova.com
Obios Diagnostic,www.prova.com
ASC27,www.prova.com
Joule,www.prova.com
Deepleey,www.prova.com
Keplera,www.prova.com
eWibe ,www.prova.com
E-dway,www.prova.com
Graphene ,www.prova.com
AngelEye,www.prova.com
Vyrus ,www.prova.com
Monitora ,www.prova.com
Exoid ,www.prova.com
BeSight,www.prova.com
Intrusa,www.prova.com
TS Broker,www.prova.com
Athics,www.prova.com
Panino Giusto,www.prova.com
Muscope,www.prova.com
Project Meta,www.prova.com
Pjct Device,www.prova.com
ClimateCharted ,www.prova.com
Hair Bar,www.prova.com
Kilogram,www.prova.com
Caboto,www.prova.com
Fire Investment,www.prova.com
H-Cube,www.prova.com
Ask2AI,www.prova.com
Project Digitalize The Future,www.prova.com
WAG,www.prova.com
STELLAR,www.prova.com
Optimum Group,www.prova.com
Ittinsect ,www.prova.com
Beeing,www.prova.com
20Seconds,www.prova.com
Promarsis,www.prova.com
Athleticae ,www.prova.com
Divinea,www.prova.com
BallereTTe,www.prova.com
 Nexo Corporation,www.prova.com
CARE SPORT,www.prova.com
EXE,www.prova.com
EndoRail,www.prova.com
EZ Lab,www.prova.com
H-Verse,www.prova.com
Wolsal ,www.prova.com
Didimora ,www.prova.com
Limenet ,www.prova.com
Allelica,www.prova.com
NH2 Tech,www.prova.com
CatLXR,www.prova.com
WeShort,www.prova.com
QualeAgenzia.it,www.prova.com
Deposh ,www.prova.com
Digital Téchne,www.prova.com
Aenduo,www.prova.com
Tuddu ,www.prova.com
Suitefood,www.prova.com
Prismed,www.prova.com
InSimili,www.prova.com
ProGaming Italia,www.prova.com
LianeCare,www.prova.com
Kosmos,www.prova.com
CAELUS,www.prova.com
Smace,www.prova.com
TextYess,www.prova.com
Eventvm,www.prova.com
AcquaMente,www.prova.com
Shipping Factory,www.prova.com
DRB,www.prova.com
Easydance,www.prova.com
Open Energy,www.prova.com
Sailes Yes,www.prova.com
BlockChainRE,www.prova.com
My Group,www.prova.com
Hoome.it,www.prova.com
ACT Blade,www.prova.com
Krill design,www.prova.com
Healthyfood,www.prova.com
Med58,www.prova.com
Ristoply,www.prova.com
myAEDES,www.prova.com
AiM,www.prova.com
Marshmallow Games,www.prova.com
Mygrants,www.prova.com
Agriverse,www.prova.com
Vegery (Erebor srl),www.prova.com
Nexting,www.prova.com
American Uncle,www.prova.com
Farm4trade,www.prova.com
Tziboo,www.prova.com
Sun City,www.prova.com
The PAAC,www.prova.com
TSS,www.prova.com
Tendrs,www.prova.com
Artware,www.prova.com
Techno Bridge,www.prova.com
Display ,www.prova.com
Live Carter,www.prova.com
Fatture Automatiche,www.prova.com
UNIO,www.prova.com
BionItLabs,www.prova.com
Hyp-er_objects,www.prova.com
ClenTech,www.prova.com
Rombo.ai,www.prova.com
RetailHub,www.prova.com
LXR,www.prova.com
DVM ,www.prova.com
MySarma,www.prova.com
Serenade ,www.prova.com
BLICC,www.prova.com
WhpAI ,www.prova.com
ONE,www.prova.com
Intellygenza ,www.prova.com
Fantalegends,www.prova.com
 Seamthesis,www.prova.com
Restaurants Club,www.prova.com
Holyart,www.prova.com
 Shoppy Code,www.prova.com
Beforpharma,www.prova.com
40factory,www.prova.com
Techrail,www.prova.com
Airizon ,www.prova.com
WUVDAY,www.prova.com
Flywallet,www.prova.com
Next ,www.prova.com
Brandplane,www.prova.com
Bufaga,www.prova.com
Builtdifferent,www.prova.com
Datasinc,www.prova.com
Fflow,www.prova.com
AdapTronics,www.prova.com
Arca Dynamics,www.prova.com
Astradyne,www.prova.com
Evolunar,www.prova.com
In Quattro,www.prova.com
Kurs Orbital,www.prova.com
Mespac,www.prova.com
Ohm Space,www.prova.com
ORiS – Orbital Recharge in Space,www.prova.com
Space Products and Innovation SPiN,www.prova.com
Space V,www.prova.com
Stellar Project,www.prova.com
Titan4 ,www.prova.com
HIRO Robotics,www.prova.com
iFarming,www.prova.com
InnovationSea,www.prova.com
Kuriu,www.prova.com
lit,www.prova.com
AccessiBit,www.prova.com
Centro DCA,www.prova.com
Dermaself,www.prova.com
FunniFin,www.prova.com
GRLS,www.prova.com
Handy Signs,www.prova.com
Sizable Energy,www.prova.com
BloomLABS,www.prova.com
Girasole,www.prova.com
KEET,www.prova.com
MountainMaps,www.prova.com
Plantvoice,www.prova.com
PuntoMare,www.prova.com
Trafficlab,www.prova.com
Vento CFD,www.prova.com
ClubDeal Digital,www.prova.com
Asset Prophet,www.prova.com
Cold Sharing,www.prova.com
Florence Care,www.prova.com
Leaf ,www.prova.com
Lokit,www.prova.com
Qsensato,www.prova.com
Authentico,www.prova.com
Brief,www.prova.com
Pj Cleaning,www.prova.com
Hydrosolar ,www.prova.com
Emotion Network,www.prova.com
Biolibrary ,www.prova.com
Gevi,www.prova.com
Hoda,www.prova.com
Viola,www.prova.com
Rosso,www.prova.com
Dectar,www.prova.com
Nubo,www.prova.com
DoctorApp,www.prova.com
BOS5,www.prova.com
Sportwig,www.prova.com
Quindi,www.prova.com
Castless,www.prova.com
Appart,www.prova.com
COMET,www.prova.com
eFESO,www.prova.com
WAFU,www.prova.com
Bestie Bite,www.prova.com
Project Skincare,www.prova.com
Affitti Futuri,www.prova.com
Casacrowd,www.prova.com
PredictionLabs,www.prova.com
EAT&GO,www.prova.com
HostNarrate,www.prova.com
Drop Me,www.prova.com
Project Metal,www.prova.com
MyVisto,www.prova.com
Fleap,www.prova.com
Minerva CQ,www.prova.com
DMC,www.prova.com
InnoChain,www.prova.com
Training Consultancy,www.prova.com
IDT,www.prova.com
ESG Smart,www.prova.com
ONLIFE Media,www.prova.com
Ebazzy,www.prova.com
LIQEX,www.prova.com
Sensoria Health,www.prova.com
Bitbrand,www.prova.com
SeismicAI,www.prova.com
Next Couture,www.prova.com
NGNT,www.prova.com
Baze,www.prova.com
PagoDopo,www.prova.com
L.I.F.E.,www.prova.com
Leasy ,www.prova.com
VESevo,www.prova.com
RIDEsense,www.prova.com
Grip Advisor,www.prova.com
Eventboost,www.prova.com
 Tag Manager Italia,www.prova.com
TST-5G,www.prova.com
Dipendesse da Me,www.prova.com
Applico,www.prova.com
VerbaLife,www.prova.com
Enveasy ,www.prova.com
Omnis Power,www.prova.com
Point-out,www.prova.com
TEPY,www.prova.com
Pelomatto,www.prova.com
SpC International,www.prova.com
Project Vitamin,www.prova.com
EDEN,www.prova.com
Casa Musicale Brusegan,www.prova.com
Project Neapolitan Tailor,www.prova.com
HUI,www.prova.com
Onsu,www.prova.com
Project Health&Com,www.prova.com
Project Belle,www.prova.com
Project Glass,www.prova.com
Terroir Project,www.prova.com
Sustainable Packaging Manufacturing Project,www.prova.com
Make it Real,www.prova.com
Green Paper USA,www.prova.com
Displaid,www.prova.com
State1,www.prova.com
Atlas World Sports,www.prova.com
AidaMask,www.prova.com
Pet Paws Spray,www.prova.com
Aesthetic Management Partner,www.prova.com
iterro,www.prova.com
Readtych,www.prova.com
Blockchainer,www.prova.com
Dbridge,www.prova.com
INTA,www.prova.com
BeyondShape,www.prova.com
Dalfilo,www.prova.com
EXODIA,www.prova.com
H24Wave,www.prova.com
Dialybrid,www.prova.com
Sandeza,www.prova.com
Fome,www.prova.com
Akuis,www.prova.com
Bibac,www.prova.com
TechVisory,www.prova.com
Agora Labs,www.prova.com
Even2plan,www.prova.com
RocketDreams,www.prova.com
Freedhome,www.prova.com
Cloov,www.prova.com
Anouk.ai,www.prova.com
CarpeCarbon,www.prova.com
RoxPay,www.prova.com
Snaproof,www.prova.com
Ganiga,www.prova.com
Green Future Project,www.prova.com
Grantzy ,www.prova.com
Metacasa,www.prova.com
Lexdoit,www.prova.com
MarketLabs,www.prova.com
Farmacia Europea,www.prova.com
Xbooks,www.prova.com
Fast Food tech,www.prova.com
Fintech ,www.prova.com
Ohoskin,www.prova.com
Archimede,www.prova.com
Kymia,www.prova.com
Alphafood,www.prova.com
Teaser Elettronica,www.prova.com
Bull,www.prova.com
KHT,www.prova.com
Young Platform,www.prova.com
LEB,www.prova.com
Eco Circular,www.prova.com
Capsule Corporation,www.prova.com
Alpha Impulsion,www.prova.com
Agreen Biosolutions ,www.prova.com
Klear Finance,www.prova.com
Seainnova,www.prova.com
NF&C,www.prova.com
Lacta,www.prova.com
 Virtual Wings Pacific,www.prova.com
FASI,www.prova.com
Ciao Elsa,www.prova.com
IDer,www.prova.com
Deltronics,www.prova.com
Project Wine,www.prova.com
Voltaage,www.prova.com
Carzaa,www.prova.com
Okta,www.prova.com
Vr Tourism,www.prova.com
Love You Travel,www.prova.com
Petmora,www.prova.com
Ager Oliva,www.prova.com
MorphCast,www.prova.com
Matchclick,www.prova.com
Apposta,www.prova.com
Active Label,www.prova.com
NTRLY,www.prova.com
Società Agricola,www.prova.com
Yalla Security,www.prova.com
Springa,www.prova.com
Medicaly,www.prova.com
Protein Italy,www.prova.com
SIEve,www.prova.com
Zenergea,www.prova.com
Phygtl,www.prova.com
Etilika,www.prova.com
Archimedeh24,www.prova.com
Sensosan ,www.prova.com
Quido,www.prova.com
Biocentis,www.prova.com
Made In Italy - A.i. - Marketplace,www.prova.com
Lookinglass,www.prova.com
Domido,www.prova.com
Società Italiana di Medicina Naturale ,www.prova.com
QuestIT,www.prova.com
Oxhy ,www.prova.com
MinervaSys,www.prova.com
Yumus,www.prova.com
PausePay,www.prova.com
BEF Biosystems,www.prova.com
Typeone Biomaterials,www.prova.com
TeC,www.prova.com
Postbiotica,www.prova.com
Oxoco,www.prova.com
Oloker Therapeutics,www.prova.com
EggPlant,www.prova.com
Celery,www.prova.com
AppLavoro,www.prova.com
Dottorinsieme,www.prova.com
Asters,www.prova.com
Dhom,www.prova.com
Reiwa,www.prova.com
Indi,www.prova.com
FlyKube,www.prova.com
Roads of Beauty,www.prova.com
Theralip,www.prova.com
HRgo,www.prova.com
K Hero ,www.prova.com
Divilo ,www.prova.com
Live Story,www.prova.com
 K3RX,www.prova.com
CyberDart,www.prova.com
Lanificio Digitale,www.prova.com
Eco Sistem S. Felice (Sbriciola),www.prova.com
Omega ,www.prova.com
AI-M,www.prova.com
Epsilon,www.prova.com
Lenderwize,www.prova.com
Intellipath AI,www.prova.com
MedAI,www.prova.com
Global Biomedical Service,www.prova.com
MAIND Capital,www.prova.com
NutriWorld,www.prova.com
Materia,www.prova.com
Wodzi,www.prova.com
Weply,www.prova.com
Pjt Too Good,www.prova.com
Cassandra,www.prova.com
LiveLink,www.prova.com
Stelo,www.prova.com
Open Grant,www.prova.com
Exo Lab,www.prova.com
CloEE,www.prova.com
Daspren,www.prova.com
TPPay,www.prova.com
Flash Scientific,www.prova.com
Karrycar,www.prova.com
RarEarth,www.prova.com
Traipler,www.prova.com
Quarkpay,www.prova.com
YanchWare,www.prova.com
KOOKone,www.prova.com
Teach Corner,www.prova.com
Top World Hotel,www.prova.com
FRESCA,www.prova.com
JedAI,www.prova.com
TAC,www.prova.com
Santangelo Media Studios,www.prova.com
Wedelay,www.prova.com
 FONTENERGON,www.prova.com
Credit Service,www.prova.com
Pethub,www.prova.com
Live Information System,www.prova.com
BeadRoots,www.prova.com
ISAAC,www.prova.com
Soource,www.prova.com
DomusLearning,www.prova.com
Fomula Center,www.prova.com
Proscaenia,www.prova.com
BigProfiles,www.prova.com
Meditype,www.prova.com
17tons,www.prova.com
AMG,www.prova.com
RAW,www.prova.com
Rent2Cash,www.prova.com
Manax,www.prova.com
SellUp,www.prova.com
Bemyrider,www.prova.com
Thauma,www.prova.com
LexCapital,www.prova.com
SANTELMO,www.prova.com
Always Friday,www.prova.com
Xellence AI,www.prova.com
Lexroom,www.prova.com
Anima,www.prova.com
DFU - Igea Pharma,www.prova.com
Dog-radar,www.prova.com
Excantia,www.prova.com
Axelo,www.prova.com
Progetto Sovrana SVA,www.prova.com
Meedox,www.prova.com
Progetto Oncosafe,www.prova.com
MON5,www.prova.com
Meddle,www.prova.com
BoxxDocks,www.prova.com
AWRobotics,www.prova.com
Zephyra,www.prova.com
Mach3D,www.prova.com
Wayla,www.prova.com
Scouty,www.prova.com
Geen,www.prova.com
Zerow,www.prova.com
Vitruvian,www.prova.com
Moneyviz,www.prova.com
Oraigo,www.prova.com
HER,www.prova.com
2beautiful,www.prova.com
Rotonium,www.prova.com
Infinity 4 Earth,www.prova.com
Phoenix,www.prova.com
Visual Note,www.prova.com
Odibuy,www.prova.com
Confirmo,www.prova.com
Envify,www.prova.com
Chef On Demand,www.prova.com
This Unique,www.prova.com
DriveDrop,www.prova.com
I-VASC,www.prova.com
QKI Emulsion,www.prova.com
Game2Value,www.prova.com
ReWing,www.prova.com
Scindo Payments,www.prova.com
Tabomenu,www.prova.com
Bhblasted,www.prova.com
Elite Villas,www.prova.com
Weeshop,www.prova.com
Boundless Horizons,www.prova.com
Sentieri,www.prova.com
Skin Lovers,www.prova.com
Ephelia,www.prova.com
XSpline ,www.prova.com
Medsniper,www.prova.com
Allyfe,www.prova.com
Fliklab,www.prova.com
Requpero,www.prova.com
Neosperience Health,www.prova.com
Match,www.prova.com
Wegoo,www.prova.com
TypeaCar,www.prova.com
Plannest,www.prova.com
Vinciunfuturo.it,www.prova.com
Sentinella Avicola,www.prova.com
Holifya,www.prova.com
Powerset,www.prova.com
BNESIM,www.prova.com
ZESTFUL NATURAL,www.prova.com
COCI,www.prova.com
Jubatus,www.prova.com
ORAZERO,www.prova.com
Corem,www.prova.com
Medical Prime,www.prova.com
YP Trainer,www.prova.com
Logogramma,www.prova.com
S2X,www.prova.com
Samplesound ,www.prova.com
Covision Media,www.prova.com
AndromedAI,www.prova.com
Fleequid,www.prova.com
Dronus ,www.prova.com
DST,www.prova.com
Guardian,www.prova.com
Fler,www.prova.com
Pixy.art,www.prova.com
Equis,www.prova.com
Linari Medical ,www.prova.com
VirtualE,www.prova.com
iStory,www.prova.com
AD cube,www.prova.com
Ahilab,www.prova.com
Pathway,www.prova.com
Equal Education,www.prova.com
Similar,www.prova.com
CrioPurA,www.prova.com
GenoGra,www.prova.com
Immunoveg,www.prova.com
Longevity Pet Solutions,www.prova.com
PlantBit,www.prova.com
SMUSH materials,www.prova.com
Gelato 4ever,www.prova.com
Tifeo,www.prova.com
Poleepo,www.prova.com
Flyrotor,www.prova.com
Undersdogs,www.prova.com
Haga 2,www.prova.com
Cyberating,www.prova.com
SHE Tower,www.prova.com
PickEat,www.prova.com
Acne Revolution,www.prova.com
Finapp,www.prova.com
FOODYZER,www.prova.com
Elephantroom,www.prova.com
Yooond (Flowi),www.prova.com
Amalia,www.prova.com
NutriYou,www.prova.com
Loqui,www.prova.com
Discentis,www.prova.com
Alchemyx,www.prova.com
Mangofit,www.prova.com
Dritto,www.prova.com
FairMind,www.prova.com
Italspazio,www.prova.com
HumanWE,www.prova.com
Laminar Pharma,www.prova.com
Project 342,www.prova.com
U-Care Medical,www.prova.com
Rocketsat,www.prova.com
Abelio,www.prova.com
AGRICOBOTS,www.prova.com
AI-taly Solution,www.prova.com
Alpha Quantaris,www.prova.com
BM DIAGNOSTICS,www.prova.com
Prestatech,www.prova.com
Bravo!,www.prova.com
InnFoods,www.prova.com
Liberty Rider,www.prova.com
NutriCo,www.prova.com
D4Next,www.prova.com
Spacewear,www.prova.com
EYE4NIR,www.prova.com
Relifeme,www.prova.com
DatiSalute,www.prova.com
Check&Love,www.prova.com
